,edit_history_tweet_ids,id,text
0,['1610516629862993921'],1610516629862993921,"@ukgimp Client cash accounting (rents) - very different from  GAAP, profit and loss accounting.

 Not robbing Peter to pay Paul's bill, not  using clients' money to pay for holidays, tarts, cars, drugs, booze, rent or wages"
1,['1610516627719847936'],1610516627719847936,@stout_christina @drunkensomm Like the heated sidewalks for the homeless from Biden? or maybe the failed high speed rail that is way over the budget proposed and will not be highspeed? and you wonder why? How many new power plants has Newsome proposed to charge all the new electric cars he is forcing on us?
2,['1610516625299570688'],1610516625299570688,"RT @backtolife_2023: WEF Declares People Have No Right To Own Their Own Cars: ‚ÄòYou Can Walk or Share‚Äô
https://t.co/89MmmwdeGI"
3,['1610516621239504896'],1610516621239504896,"@SinisterBadger Hard to say, for me personally I‚Äôd say the first 4 but I have a lot of nostalgia, I just feel the later ones don‚Äôt quite have the same magic and it was too easy to get new cars, I like the grind and the pay off of a new car being earned üòä"
4,['1610516615396745216'],1610516615396745216,RT @poormanscaviar: I do believe prices have hiked across the board. Might have something to do with fuel and electricity hikes too sweet N‚Ä¶
5,['1610516613626990595'],1610516613626990595,"@grayacethot @VariousMeatProd @muddaub I read this years ago and thankfully it put me off on thinking that luxury cars don't have problems 

https://t.co/4Y9B3Yi8Jy"
6,['1610516607318790151'],1610516607318790151,Tidak peduli seberapa bodoh dan jeleknya kita. Tetaplah menjadi diri sendiri dan jangan herankan apa kata orang kepada kita. -Mater (Cars 2) #Bot
7,['1610516598707879941'],1610516598707879941,RT @ProudElephantUS: Joe Biden has mandated kill switches on ALL new cars by 2026. This will allow the government to turn off your car anyt‚Ä¶
8,['1610516571100700672'],1610516571100700672,@POTUS Middle class Americans CANNOT afford expensive electric cars. I don‚Äôt know what planet you live on but please come back to earth.
9,['1610516568361795585'],1610516568361795585,"AutoTrader's Instant Offer is the latest product from South Africa's leading automotive marketplace, but should you use this tool to sell your vehicle?
https://t.co/PMnD2Swymf
#InstantOffer"
10,['1610516566206197760'],1610516566206197760,@POTUS The cost and damage to our environment to build those batteries for those cars makes your point null and void.
11,['1610516566017179649'],1610516566017179649,2022 brand new electric cars Big ant ev new energy vehicles Chery EQ5 wi... https://t.co/TauQ0hwyg0 via @YouTube
12,['1610516553740726273'],1610516553740726273,"Will self driving cars have thermal imaging to detect and avoid small animals or will I have to watch the car run them over? I'll pass if its the latter, I break for animals."
13,['1610516553631506432'],1610516553631506432,Nvidia's GeForce Now gaming service is coming to cars to make rides more entertaining  https://t.co/5yTpbHh7AO
14,['1610516542743105537'],1610516542743105537,RT @yonkojohn: Liberal's say going electric cars will be 99 Billion but using the Liberal conversion chart that cost will actually be north‚Ä¶
15,['1610516539958259712'],1610516539958259712,"RT @MGMotorIn: Celebrating the British legacy whose greatest gems were its classic cars at 21 Gun Salute Concours d'Elegance.  
Catch a gli‚Ä¶"
16,['1610516526708445185'],1610516526708445185,"RT @MattWallace888: Andrew Tate spoke out against the system. Now the government is keeping him behind bars and seizing all his cars, and h‚Ä¶"
17,['1610516519695560704'],1610516519695560704,"@TheRealRhllor Please consider the NOVAVAX Covid vaccine. I have been in closed cars, sneezed on and in rooms with my children when they were both Covid positive and I still did not get sick. NOVAVAX has sterilizing immunity where it prevents you from catching the virus it in the first place."
18,['1610516512582008838'],1610516512582008838,"RT @WholeMarsBlog: And that's just the beginning. I could go on and on.

So today, as $TSLA faces it's worst single day performance in hist‚Ä¶"
19,['1610516503530463234'],1610516503530463234,"RT @tooronlists: #Breaking: Climate activist Greta Thunberg accused of contributing to climate change. Apparently, she burned Andrew Tate s‚Ä¶"
20,['1610516503505371137'],1610516503505371137,"#BlueWaterBridge as of 1AM wait times heading WB into the U.S. are less than 15 min. for cars and 15-30 min. for commercial vehicles.

As of 1AM wait times heading EB into Canada are less than 15 min. for cars and commercial vehicles. #MDOT"
21,['1610516502071107585'],1610516502071107585,"RT @MGMotorIn: Ever since its launch, MG changed the world of sports cars and became the favoured brand of young motoring fans. Let us driv‚Ä¶"
22,['1610516498870857729'],1610516498870857729,"RT @tolgaozcelkk90: Henry Ford'un Cannabis arabasƒ± Kenevirden yapƒ±lmƒ±≈ütƒ±r: √áelikten 10 kat daha g√º√ßl√º, %100 ye≈üil!
Yƒ±l:1930 
https://t.co/U‚Ä¶"
23,['1610516494194184193'],1610516494194184193,"@TataMotors_Cars Sir, just visited workshop and remove error but they said no solution for this. It's harrier common problem"
24,['1610516489379151873'],1610516489379151873,RT @Kamada3: ÊúÄ„ÇÇÈï∑ÊåÅ„Å°„Åô„ÇãËªä„ÄÅÂØøÂëΩ„ÅÆÈï∑„ÅÑËªä„ÅØ„Å©„ÇåÔºüÔºàÊï∞Â≠ó„ÅØË∑ùÈõ¢Êï∞„Åß„Åô„ÄÇ„Éû„Ç§„É´„ÅßÁ§∫„Åï„Çå„Å¶„ÅÑ„Åæ„Åô„ÄÇÔºë„Éû„Ç§„É´Ôºù1.6„Ç≠„É≠Ôºâ„Éà„ÉÉ„Éó10‰∏≠ÔºôËªä„ÅåÊó•Êú¨Ë£Ω„Åß„Åô„ÄÇhttps://t.co/RUI6azi3O1 https://t.co/ElfL6YoQeV
25,['1610516479363153921'],1610516479363153921,@MCD_Delhi @LtGovDelhi @CPCB_OFFICIAL @CPDelhi removal of junk cars -181 Defence colony  fly over market  jung pura side https://t.co/PpWAcy28dH
26,['1610516478297505792'],1610516478297505792,"RT @wil_da_beast630: You know what's better and more effective than ""high-speed rail?"" 

Airplanes.

Another top contender? Cars you can dr‚Ä¶"
27,['1610516477601366016'],1610516477601366016,Please factor in that all their cars are brand new. None are base models and none have an MSRP under $70K. https://t.co/CoStvVlBqI
28,['1610516475256651776'],1610516475256651776,@crybabymilo S'il √† √ßa o√π un oreiller cars c'est homme √† marier
29,['1610516474669531140'],1610516474669531140,"Metal Machine is racing into a new year with a vast range of the coolest die-cast cars. Kickstart your collection at ToyZone today.

#ToyZone #Zoink https://t.co/loefv5r7ct"
30,['1610516468436996096'],1610516468436996096,@elonmusk more than 30 unmarked police cars following me every I go to construction sites and I have followed everywhere on 03-01-2023
31,['1610516455971233793'],1610516455971233793,"‡§Æ‡§æ‡§∞‡•Å‡§§‡§ø, ‡§π‡•Å‡§Ç‡§°‡§à, ‡§ü‡§æ‡§ü‡§æ ‡§ï‡•ã ‡§õ‡•ã‡§°‡§º ‡§á‡§® 3 ‡§ï‡§Ç‡§™‡§®‡§ø‡§Ø‡•ã‡§Ç ‡§ï‡•Ä ‡§ï‡§æ‡§∞‡•ã‡§Ç ‡§ï‡•Ä ‡§°‡§ø‡§Æ‡§æ‡§Ç‡§° ‡§¨‡§°‡§º‡•Ä; 2 ‡§ï‡§Ç‡§™‡§®‡§ø‡§Ø‡•ã‡§Ç ‡§∏‡•á ‡§≤‡•ã‡§ó‡•ã‡§Ç ‡§®‡•á ‡§¶‡•Ç‡§∞‡•Ä¬†‡§¨‡§®‡§æ‡§à https://t.co/x9YBpFfj1k"
32,['1610516451336818689'],1610516451336818689,@EricEatsPickles It's time to ban cars wherever they aren't absolutely necessary.
33,['1610516451017854978'],1610516451017854978,"Don't just love cars and superbikes learn to make them!
Join an Automotive Masterclass at @ECTKenya starting on January 9 - 20, 2023.
Registration Link: https://t.co/Dig9kIw7Bm 
Contact Kevin on 0782252652 | 0110099375 or email admissions@ect.ac.ke https://t.co/ywU5sH0arb"
34,['1610516445712232448'],1610516445712232448,"RT @dearourhope: ‡∏°‡∏≤‡∏≠‡∏ß‡∏î‡πÇ‡∏õ‡∏£‡πÄ‡∏à‡∏Ñ‡∏Ñ‡πà‡∏∞ ‡∏≠‡∏≠‡∏£‡πà‡∏≤‡∏Ç‡∏≠‡∏á‡∏Ñ‡∏∏‡∏ì‡πÄ‡∏à‡πÇ‡∏Æ‡∏õ‡∏™‡∏ß‡πà‡∏≤‡∏á‡πÅ‡∏°‡πâ‡πÉ‡∏ô‡∏ó‡∏µ‡πà‡∏°‡∏∑‡∏î üôè
üáπüá≠ ‡πÇ‡∏õ‡∏£‡πÄ‡∏à‡∏Ñ #‡πÄ‡∏à‡πÇ‡∏Æ‡∏õ‡πÄ‡∏ö‡∏¥‡πâ‡∏ô‡πÄ‡∏ö‡∏¥‡πâ‡∏ô‡∏≠‡∏¥‡∏ô‡πÑ‡∏ó‡∏¢‡πÅ‡∏•‡∏ô‡∏î‡πå
üõ∫ ‡∏õ‡πâ‡∏≤‡∏¢‡∏£‡∏ñ‡∏ï‡∏∏‡πä‡∏Å‡∏ï‡∏∏‡πä‡∏Å
‚Äî 10 ‡∏Ñ‡∏±‡∏ô ‡πÄ‡∏™‡πâ‡∏ô‡∏™‡∏¢‡∏≤‡∏°‚Ä¶"
35,['1610516428960202753'],1610516428960202753,@sandyg1961 @POTUS Yup. So you pay more in gas. You pay emission testing fees. You pay for the extra maintenance older cars need since the wealthy usually sell them just before they need the work. And they get the tax break. I‚Äôm jumping in line for a free punch in the stomach.
36,['1610516426334281729'],1610516426334281729,"ùêáùêöùê≠ùêúùê°ùêõùêöùêúùê§ ùêñùêûùêùùêßùêûùê¨ùêùùêöùê≤ - 2015 BMW 2 Series 218d Active Tourer Sport in Mineral Gray üñ§

*Please visit our website for a more comprehensive vehicle description and additional photos: https://t.co/kMK40S5MEk

#westsideauto #wholesale #bmw #bmwaustralia https://t.co/fSqGfT7ICz"
37,['1610516414162505730'],1610516414162505730,@JRUrbaneNetwork Trains and cars are basically the same thing in this situation. One is more efficient though.
38,['1610516412380086272'],1610516412380086272,"@backtolife_2023 It must be Absinthe, shrooms &amp; insanity to have one think you could take our cars from us plebs. These elitist wackos need to go away &amp; take the psycho Greta with them. Adios"
39,['1610516411016790017'],1610516411016790017,"RT @BlackIranians: üìç Javanrud, Kurdistan

The people‚Äôs resistance 
vs 
The #IRGC response, among which, throwing tear gas at civilian cars.‚Ä¶"
40,['1610516407703470087'],1610516407703470087,@H0NEYRIVER I like square cars in general sadly
41,['1610516389680357377'],1610516389680357377,"RT @WholeMarsBlog: Brian Pottenger, battalion chief for Cal Fire, had this to say about the rescue: 

""We go there all the time for cars ov‚Ä¶"
42,['1610516378234003458'],1610516378234003458,"CKAuto Tire Valve Stem Caps, Black, 4 pcs/Pack, Anodized Aluminum Tire Valve Cap Set, Corrosion Resistant, Universal Stem Covers for Cars Trucks Motorcycles SUVs and Bikes - https://t.co/DAwuGnQNJa"
43,['1610516377693028352'],1610516377693028352,"@SandzaMndayi @Mamphephethe_10 No no no we drive cars or if you don't have one there are taxis.... There's only 1st and last walk.

1st walk is this one going.
Last walk when we go back.

In between as we will be coming on weekends we use cars."
44,['1610516376816390145'],1610516376816390145,"The black and white cat was only discovered when his miaows alerted the driver of the car to his whereabouts - after it had been driven numerous times.

https://t.co/nqoVoktRuO"
45,['1610516375646208000'],1610516375646208000,"#China officially kicked off the exports of second-hand cars in 2019, with ten regions allowed to conduct such trade. In January, 14 more regions, including Liaoning, Fujian, and Sichuan have joined the league, according to the Ministry of Commerce. https://t.co/vsMTFH86r7"
46,['1610516374904016898'],1610516374904016898,you want a Daddy who's into sports cars and big boats don't you?
47,['1610516363331751936'],1610516363331751936,"According to Reuters, Tesla is poised to get a punishment from South Korea of roughly US $2.2 million for allegedly inflating the range of its electric cars (EVs).

According to the Korea Fair Trade Commission, the Elon Musk-led corporation failed to

https://t.co/FR2iRCe0wd https://t.co/Iv2t2n8i6u"
48,['1610516345610805248'],1610516345610805248,@hellofurman @stats_feed ü§öBring all petrol cars to mars
49,['1610516337054609409'],1610516337054609409,"RT @mnm_meya: Men see a car from the front and be like Oh that's a BMW 

And when it passes you have to check the back to see which BMW it‚Ä¶"
50,['1610516332205985793'],1610516332205985793,"@elonmusk  if everyone buys EV cars, where is all the electricity going to come from? CA already has residents shutting off a/c units a day or two a week on hot days.  I own a Tesla, but just saying."
51,['1610516325532573696'],1610516325532573696,@MarieAnnUK Powerful cars shouldn't be allowed. There is absolutely no justification for endangering the public like that.
52,['1610516324664369153'],1610516324664369153,GTA 5 basically taught me how to drive cars so i don‚Äôt see why i can‚Äôt land a plane using the same logic https://t.co/wYn1RUAgz2
53,['1610516319451115523'],1610516319451115523,"Since there is no... #ATeamHistorians or #FallGuyHistorians I asked @KnightRiderHistorians to make a video about where those cars were currently...HERE is what they made....

https://t.co/7JMn3Dz8o7"
54,['1610516316632518658'],1610516316632518658,RT @marcelemoran: Just completely bankrupt regional planning. Rather than give cyclists one of *TEN LANES* dedicated to cars on the Bay Bri‚Ä¶
55,['1610516311188115457'],1610516311188115457,I just entered @AutoTrader_UK‚Äôs monthlyÔ∏è #ElectricCarGiveaway &amp; you can too! This month‚Äôs prize is a Tesla Model Y worth over ¬£51k! It‚Äôs free to enter &amp; you have until 31st January. All information (including Ts&amp;Cs) can be found here: https://t.co/c7ppfc9kgq
56,['1610516306154987522'],1610516306154987522,"RT @backtolife_2023: WEF Declares People Have No Right To Own Their Own Cars: ‚ÄòYou Can Walk or Share‚Äô
https://t.co/89MmmwdeGI"
57,['1610516276794777601'],1610516276794777601,"FRASES CARS te ofrece UN PORRO, ACEPTAS?? Yo no! üö≠"
58,['1610516275905859584'],1610516275905859584,"RT @TheRealHoarse: Meaning, Tesla fulfilled backorders faster than new orders came in.

And they still produced 40,000 more cars than they‚Ä¶"
59,['1610516267743453186'],1610516267743453186,"N2 north BOUND, Looks like 3 cars involved, right lane obstructed before¬† Spaghetti Junction 
#ALSParamedics on scene"
60,['1610516248806178816'],1610516248806178816,"RT @backtolife_2023: WEF Declares People Have No Right To Own Their Own Cars: ‚ÄòYou Can Walk or Share‚Äô
https://t.co/89MmmwdeGI"
61,['1610516240875020288'],1610516240875020288,"@pmarca Ya that‚Äôs what clowns said to Musk about his electric cars and rockets to Mars. 

More like this will never get done if they have your negative mindset."
62,['1610516240396877824'],1610516240396877824,"RT @ThePeacefulKels: Is it only VW cars (yes I know it‚Äôs a Porsche, but it‚Äôs a VW) whose lights can be taken out this easily ?"
63,['1610516235946692611'],1610516235946692611,"RT @TheRealHoarse: Tesla promises 50% year over year growth.

That averages out to delivering 500,000 cars per quarter in 2023.

They strug‚Ä¶"
64,['1610516231903236100'],1610516231903236100,"Worldwide cars shipping from Copart, Iaai, and Manheim auctions ‚Äì Film Daily - https://t.co/n9HDrvg8NB"
65,['1610516228719640576'],1610516228719640576,@Mothematiks Looks like those cars that switch up from The Peripheral.
66,['1610516227864109056'],1610516227864109056,@WafflesDoesArt Cars require large sunroofs and uhh...no front seats? https://t.co/AedWy6v6Sy
67,['1610516222881284096'],1610516222881284096,"RT @cbngovakinsola: #AsiwajuInKano 
Incoming President, Asiwaju Tinubu in Kano ahead of the Presidential Campaign Rally Tomorrow.

He's her‚Ä¶"
68,['1610516221623169024'],1610516221623169024,"RT @USATODAY: Technological creations like flying cars and robot baristas are in our near future, thanks to these researchers and inventors‚Ä¶"
69,['1610516219181912064'],1610516219181912064,RT @Hayden_irl_: Got my hands on my absolute favorite Pok√©mon card at the (somewhat) local cars shop today :-) https://t.co/X2XKiDFRqW
70,['1610516214778073088'],1610516214778073088,RT @Marlene26194716: @MyNameIsTheo011 GAMITIN MO NA IPON MO PARA MAIBILI MO SYA NG CARS...
71,['1610516196868202496'],1610516196868202496,"@elonmusk it would be an interesting statistic to know how many cars have driven off a cliff and not made the national news, let alone stating the make of the car. Stoked they all survived. Y‚Äôall doing something right. Miss the days when the dems had a harder time attacking you."
72,['1610516196813578240'],1610516196813578240,@dougs_cars https://t.co/ilbzZyC4rG
73,['1610516190496956416'],1610516190496956416,@bibigomezx3 What‚Äôs wrong with those cars lol
74,['1610516185203736579'],1610516185203736579,Clearly we should replace cars with nugget biscuit nugget in a biscuit https://t.co/2W6ykA5U7r
75,['1610516152366530561'],1610516152366530561,"""You could have 1,000 engineers and they would never get to this solution,"" says co-founder Kevin Czinger. https://t.co/WFberZUbk0"
76,['1610516149992669185'],1610516149992669185,"RT @ja_konyango: Based on this reliability ratings from consumer reports in the USA, you might as well get a volvo.

Volvo beats Mercedes,‚Ä¶"
77,['1610516148034109441'],1610516148034109441,"‚ÄúNow, it looks like we might see certain cars that were once forgotten make a comeback in style.‚Äù https://t.co/JJp0EcmlEZ https://t.co/3wCPyycsv7"
78,['1610516136961126400'],1610516136961126400,"RT @CPRNews: Gov. Jared Polis is pushing lawmakers to make it even cheaper for Colorado residents to buy an electric car, electric bike or‚Ä¶"
79,['1610516131558658049'],1610516131558658049,RT @jasondebolt: Elon Musk risked everything to quickly transition the world to EV‚Äôs and sustainable energy. The Biden administration is tr‚Ä¶
80,['1610516124529197058'],1610516124529197058,"RT @MGMotorIn: Ever since its launch, MG changed the world of sports cars and became the favoured brand of young motoring fans. Let us driv‚Ä¶"
81,['1610516122079559682'],1610516122079559682,RT @riteyriter: WEF Declares People Have No Right To Own Their Own Cars: 'You Can Walk or Share' https://t.co/cvEBxmwKfr via @realnewspunch
82,['1610516119332192257'],1610516119332192257,"FRASES CARS te ofrece UN PORRO, ACEPTAS?? Yo si! üö¨"
83,['1610516113812770816'],1610516113812770816,@ComradeMelodie @maryewarren It would be as simple as saying ‚Äúif charged by home solar it‚Äôs (x) cleaner than traditional cars‚Äù but nah
84,['1610516112474619904'],1610516112474619904,"@anandmahindra Guess where this aspiring super car is from ( clue, E is the logo). That's where Mahindra and @TataMotors_Cars are going wrong. No aspiration whatsoever. https://t.co/3SwRJXxSJ6"
85,['1610516108104302592'],1610516108104302592,RT @Kamada3: ÊúÄ„ÇÇÈï∑ÊåÅ„Å°„Åô„ÇãËªä„ÄÅÂØøÂëΩ„ÅÆÈï∑„ÅÑËªä„ÅØ„Å©„ÇåÔºüÔºàÊï∞Â≠ó„ÅØË∑ùÈõ¢Êï∞„Åß„Åô„ÄÇ„Éû„Ç§„É´„ÅßÁ§∫„Åï„Çå„Å¶„ÅÑ„Åæ„Åô„ÄÇÔºë„Éû„Ç§„É´Ôºù1.6„Ç≠„É≠Ôºâ„Éà„ÉÉ„Éó10‰∏≠ÔºôËªä„ÅåÊó•Êú¨Ë£Ω„Åß„Åô„ÄÇhttps://t.co/RUI6azi3O1 https://t.co/ElfL6YoQeV
86,['1610516107923685376'],1610516107923685376,"RT @theblaze: ""We go there all the time for cars over the cliff and they never live. This was an absolute miracle.""
https://t.co/cpctnnaMIq"
87,['1610516095433166848'],1610516095433166848,Nowdays motor cars are increasingly popular but I think it will cause a lot of damage to us #ÂéüÂë≥ #ËØ≠Èü≥ #Â•≥S #Âñ∑Ê∞¥ #jkÂà∂Êúç #Ë£∏ËÅä #ÁªøÂ∏Ω #È´òË∑ü giving all their hearts to look after us https://t.co/TCYJXSveIC
88,['1610516093025808385'],1610516093025808385,RT @FPAC_APFC: #DYK Canada‚Äôs forest sector can pull the equivalent of 30 megatonnes of CO2 out of the atmosphere every year. That‚Äôs the equ‚Ä¶
89,['1610516091356291073'],1610516091356291073,"RT @backtolife_2023: WEF Declares People Have No Right To Own Their Own Cars: ‚ÄòYou Can Walk or Share‚Äô
https://t.co/89MmmwdeGI"
90,['1610516069558685697'],1610516069558685697,"RT @ButtBudder: Why Love Live‚Äôs Lanzhu Zhong and Cars‚Äô Lightning McQueen are the same character: A thread üßµ

Spoilers for Cars, S2 of the L‚Ä¶"
91,['1610516066375196672'],1610516066375196672,"RT @MGMotorIn: Celebrating the British legacy whose greatest gems were its classic cars at 21 Gun Salute Concours d'Elegance.  
Catch a gli‚Ä¶"
92,['1610516058070470656'],1610516058070470656,"RT @amitrakshitbjp: - Highest GST collection in 2022.

- Car companies sold the highest nunber of cars last year.

- UPI transactions highe‚Ä¶"
93,['1610516055553613824'],1610516055553613824,"RT @MattWallace888: Andrew Tate spoke out against the system. Now the government is keeping him behind bars and seizing all his cars, and h‚Ä¶"
94,['1610516051468369920'],1610516051468369920,RT @QuntsNews: Zionist citizens as far north as Haifa were instructed by the IDF to leave their taps and garden hoses running. A combinatio‚Ä¶
95,['1610516051091165186'],1610516051091165186,"RT @soitfuckingoes: taylor swift didn't write ""to kiss in cars and downtown bars was all we needed you drew stars around my scars but now I‚Ä¶"
96,['1610516050277277698'],1610516050277277698,"RT @backtolife_2023: WEF Declares People Have No Right To Own Their Own Cars: ‚ÄòYou Can Walk or Share‚Äô
https://t.co/89MmmwdeGI"
97,['1610516043918893056'],1610516043918893056,"RT @dearourhope: ‡∏°‡∏≤‡∏≠‡∏ß‡∏î‡πÇ‡∏õ‡∏£‡πÄ‡∏à‡∏Ñ‡∏Ñ‡πà‡∏∞ ‡∏≠‡∏≠‡∏£‡πà‡∏≤‡∏Ç‡∏≠‡∏á‡∏Ñ‡∏∏‡∏ì‡πÄ‡∏à‡πÇ‡∏Æ‡∏õ‡∏™‡∏ß‡πà‡∏≤‡∏á‡πÅ‡∏°‡πâ‡πÉ‡∏ô‡∏ó‡∏µ‡πà‡∏°‡∏∑‡∏î üôè
üáπüá≠ ‡πÇ‡∏õ‡∏£‡πÄ‡∏à‡∏Ñ #‡πÄ‡∏à‡πÇ‡∏Æ‡∏õ‡πÄ‡∏ö‡∏¥‡πâ‡∏ô‡πÄ‡∏ö‡∏¥‡πâ‡∏ô‡∏≠‡∏¥‡∏ô‡πÑ‡∏ó‡∏¢‡πÅ‡∏•‡∏ô‡∏î‡πå
üõ∫ ‡∏õ‡πâ‡∏≤‡∏¢‡∏£‡∏ñ‡∏ï‡∏∏‡πä‡∏Å‡∏ï‡∏∏‡πä‡∏Å
‚Äî 10 ‡∏Ñ‡∏±‡∏ô ‡πÄ‡∏™‡πâ‡∏ô‡∏™‡∏¢‡∏≤‡∏°‚Ä¶"
98,['1610516041498791936'],1610516041498791936,"RT @EvaFoxU: A Tesla car saved the lives of 4 after falling 250 feet off a cliff, as it is designed with safety as a core priority. 2 adult‚Ä¶"
